SET search_path TO escolaLinguas;

INSERT INTO endereco(id_endereco,cep, cidade, estado, bairro, logradouro, numero, complemento) VALUES
 	(default,'38406-382', 'Uberlândia','MG', 'Aclimação', 'Avenida Aniceto Maccheroni', 25, NULL),
	(default,'38405-280', 'Uberlândia','MG', 'Alto Umuarama', 'Avenida Dom Pedro II', 255, NULL),
	(default,'38412-570', 'Uberlândia','MG', 'Bela Vista', 'Rua Cinco', 80, NULL),
	(default,'38400-752', 'Uberlândia','MG', 'Bom Jesus', 'Avenida Marciano de Ávila', 678, 'Apartamento 2'),
	(default,'38406-584', 'Uberlândia','MG', 'Bosque dos Buritis', 'Alameda Andiroba', 90, NULL),
	(default,'38400-674', 'Uberlândia','MG', 'Brasil', 'Rua Pernambuco', 807, 'Apartamento 301'),
	(default,'38410-010', 'Uberlândia','MG', 'Buritis', 'Alameda Cristiane de Oliveira', 432, NULL),
	(default,'38408-580', 'Uberlândia','MG', 'Carajás', 'Avenida Emídia Saraiva', 7, 'Apartamento 3'),
	(default,'38400-106', 'Uberlândia','MG', 'Centro', 'Avenida Cipriano Del Favero', 555, NULL),
	(default,'38405-236', 'Uberlândia','MG', 'Custódio Pereira', 'Alameda João Leão', 64, 'Apartamento 102');

INSERT INTO curso(id_curso,nome) VALUES
	(default, 'Inglês'),
	(default, 'Espanhol'),
	(default, 'Francês'),
	(default, 'Italiano'),
	(default, 'Mandarim'),
	(default, 'Coreano'),
	(default, 'Alemão'),
	(default, 'Grego'),
	(default, 'Russo'),
	(default, 'Polonês');

INSERT INTO outros_funcionarios(id_funcionario, id_endereco, cpf, nome, sexo, salario, cargo) VALUES
	(default, 1, '738.263.192-98', 'Alberto da Cunha', 'M', default, 'Recepcionista'),
	(default, 2,'654.273.983-02', 'Helena Mariana de Jesus', 'F', default, 'Recepcionista'),
	(default, 3,'802.384.925-65', 'Gabrielle Lacroix', 'F', 1800.00, 'Secretária'),
	(default, 4,'920.943.546-23', 'Ariel de Souza Rios', 'M', 3500.00, 'Coordenador'),
	(default, 5,'752.743.981-15', 'Fátima Albertina Bittencourt', 'F', 5500.00, 'Diretora'),
	(default, 6,'236.638.923-10', 'Luanne Eleonora Santos Silva', 'O', default, 'Faxineira'),
	(default, 7,'298.045.238-72', 'Pedro Marcél dos wSantos ', 'M', default, 'Faxineiro'),
	(default, 8,'264.245.962-88', 'Adriano Gomes Leão', 'M', default, 'Faxineiro'),
	(default, 9,'173.129.362-95', 'Arianne Cardoso Marra', 'F', 2200.00, 'Contadora'),
	(default, 10,'562.865.210-48', 'Meire Alves Celestrina', 'F', 2800.00, 'Psicóloga');

INSERT INTO aluno(id_aluno, id_endereco, cpf, nome, sexo) VALUES
  (default, 1, '326.284.129-94', 'João Costa e Silva', 'M'),
	(default, 2, '482.194.572-12', 'Guilherme Barbosa Pinto', 'O'),
	(default, 3, '738.291.952-66', 'Valéria Ribeiro Lima', 'F'),
	(default, 4, '854.282.124-53', 'Caio Alberto Oliveira Martins', 'M'),
	(default, 5, '763.102.573-26', 'Janaína Araújo do Nascimento', 'O'),
	(default, 6, '218.019.652-76', 'Bianca Cavalcanti', 'F'),
	(default, 7, '872.975.636-03', 'Marta Pereira Mendes', 'O'),
	(default, 8, '373.251.943-23', 'Elder Fernandes Campos', 'M'),
	(default, 9, '246.901.782-50', 'Heloísa Gamão', 'O'),
	(default, 10, '195.025.172-84', 'Sérvulo Ferreira Carvalho Filho', 'M');

INSERT INTO material(id_curso, nome_material, descricao) VALUES
	(1, 'Apostila de Inglês', 'Livro para estudo guiado de Inglês'),
	(2, 'Apostila de Espanhol', 'Livro para estudo guiado de Espanhol'),
	(3, 'Apostila de Francês', 'Livro para estudo guiado de Francês'),
	(4, 'Apostila de Italiano', 'Livro para estudo guiado de Italiano'),
	(5, 'Apostila de Mandarim', 'Livro para estudo guiado de Mandarim'),
	(6, 'Apostila de Coreano', 'Livro para estudo guiado de Coreano'),
	(7, 'Apostila de Alemão', 'Livro para estudo guiado de Alemão'),
	(8, 'Apostila de Grego', 'Livro para estudo guiado de Grego'),
	(9, 'Apostila de Russo', 'Livro para estudo guiado de Russo'),
	(10, 'Apostila de Polonês', 'Livro para estudo guiado de Polonês');

INSERT INTO professor(id_professor, id_curso, id_endereco, cpf, nome, salario, sexo, especialidade) VALUES
	(default,1,1, '759.318.751-93', 'Jose Alves da Silva', 1786.44, 'M', 'Inglês'),
	(default,2,2, '789.234.123-12', 'Maria Eduarda Siqueira', 2500.00, 'F', 'Espanhol'),
	(default,3,3, '012.947.120-34', 'Aparecido Santana Oliveira', 2254.25, 'M', 'Francês'),
	(default,4,4, '092.136.712-31', 'Joao Maria Antonio', 2350.32, 'M', 'Italiano'),
	(default,5,5, '098.765.768-12', 'Antonio Jose', 1950.78, 'M', 'Mandarim'),
	(default,6,6, '987.561.233-23', 'Mateus Santana Jose', 2030.49, 'M', 'Coreano'),
	(default,7,7, '210.436.821-81', 'Consuela Madre Rose', 2333.45, 'F', 'Alemão'),
	(default,8,8, '371.927.921-92', 'Fernanda Oliveira Assuncao', 2450.32, 'F', 'Grego'),
	(default,9,9, '029.342.039-47', 'Marcos Antonio Costa', 1950.67, 'M', 'Russo'),
	(default,10,10, '304.752.348-20', 'Elson Jose de Moura', 2198.89, 'M', 'Polonês');

INSERT INTO turma(id_turma, id_curso, id_professor, nivel, sala) VALUES
	(default, 1, 1, 'Iniciante', '100'),
	(default, 2, 2, 'Iniciante', '101'),
	(default, 3, 3, 'Intermediário', '102'),
	(default, 4, 4, 'Iniciante', '103'),
	(default, 5, 5, 'Iniciante', '104'),
	(default, 6, 6, 'Intermediário', '105'),
	(default, 7, 7, 'Iniciante', '200'),
	(default, 8, 8, 'Iniciante', '202'),
	(default, 9, 9, 'Intermediário', '203'),
	(default, 10, 10, 'Avançado', '204');

INSERT INTO matricula(id_matricula,id_turma,id_aluno, numero, data_matricula, valor_total, nro_parcelas) VALUES
	(default, 1,1,1, '2019-12-21', 1200.23, 10),
  (default, 2,1,2, '2017-12-21', 1650.23, 10),
	(default, 2,2,3, '2018-08-29', 1329.34, 10),
  (default, 3,2,4, '2015-12-21', 1700.23, 10),
	(default, 3,3,5, '2021-03-12', 1100.00, 10),
  (default, 4,3,6, '2014-12-21', 1120.23, 10),
	(default, 4,4,7, '2020-12-21', 1234.32, 10),
  (default, 5,4,8, '2016-12-21', 1250.23, 10),
	(default, 5,5,9, '2021-06-20', 1092.23, 10),
  (default, 6,5,10, '2012-12-21', 1360.23, 10),
	(default, 6,6,11, '2021-05-12', 1159.98, 10),
  (default, 7,6,12, '2022-12-21', 1980.23, 10),
	(default, 7,7,13, '2020-01-30', 1340.32, 10),
  (default, 8,7,14, '2010-12-21', 1050.23, 10),
	(default, 8,8,15, '2020-09-09', 1203.09, 10),
  (default, 9,8,16, '2009-12-21', 1850.23, 10),
	(default, 9,9,17, '2021-02-02', 1120.98, 10),
  (default, 10,9,18, '2008-12-21', 1720.23, 10),
	(default, 10,10,19, '2019-04-03', 1448.09, 10),
  (default, 1,10,20, '2007-12-21', 1850.23, 10);

INSERT INTO pagamento(id_pagamento,matricula_id_turma,id_matricula, valor, data_pagamento) VALUES
	(default, 1,1, 800.00, '2019-01-05'),
  (default, 2,2, 800.00, '2020-02-05'),
  (default, 2,3, 800.00, '2019-02-05'),
  (default, 3,4, 800.00, '2020-02-05'),
	(default, 3,5, 800.00, '2019-03-05'),
  (default, 4,6, 800.00, '2020-02-05'),
	(default, 4,7, 800.00, '2019-04-05'),
  (default, 5,8, 800.00, '2020-02-05'),
	(default, 5,9, 800.00, '2019-05-05'),
  (default, 6,10, 800.00, '2020-02-05'),
	(default, 6,11, 800.00, '2019-06-05'),
  (default, 7,12, 800.00, '2020-02-05'),
	(default, 7,13, 800.00, '2019-07-05'),
  (default, 8,14, 800.00, '2020-02-05'),
	(default, 8,15, 800.00, '2019-08-05'),
  (default, 9,16, 800.00, '2020-02-05'),
	(default, 9,17, 800.00, '2019-09-05'),
  (default, 10,18, 800.00, '2020-02-05'),
	(default, 10,19, 800.00, '2019-10-05'),
  (default, 1,20, 800.00, '2020-02-05');

INSERT INTO aula (id_aula,id_turma, data_aula, horario) VALUES
	(default, 1, '2021-01-06', '07:00:00'),
	(default, 2, '2021-01-06', '08:00:00'),
	(default, 3, '2021-01-06', '09:00:00'),
	(default, 4, '2021-02-06', '07:00:00'),
	(default, 5, '2021-02-06', '08:00:00'),
	(default, 6, '2021-02-06', '09:00:00'),
	(default, 7, '2021-03-06', '07:00:00'),
	(default, 8, '2021-03-06', '08:00:00'),
	(default, 9, '2021-03-06', '09:00:00'),
	(default, 10, '2021-04-06', '07:00:00');

INSERT INTO avaliacao(id_avaliacao, id_turma, pontos, data_avaliacao) VALUES
	(default, 1, default, '2022-02-15'),
	(default, 2, default, '2022-02-15'),
	(default, 3, default, '2022-02-15'),
	(default, 4, default, '2022-02-15'),
	(default, 5, default, '2022-02-15'),
	(default, 6, default, '2022-02-15'),
	(default, 7, default, '2022-02-15'),
	(default, 8, default, '2022-02-15'),
	(default, 9, default, '2022-02-15'),
	(default, 10, default, '2022-02-15'),

	(default, 1, default, '2022-04-15'),
	(default, 2, default, '2022-04-15'),
	(default, 3, default, '2022-04-15'),
	(default, 4, default, '2022-04-15'),
	(default, 5, default, '2022-04-15'),
	(default, 6, default, '2022-04-15'),
	(default, 7, default, '2022-04-15'),
	(default, 8, default, '2022-04-15'),
	(default, 9, default, '2022-04-15'),
	(default, 10, default, '2022-04-15');

INSERT INTO aluno_avaliacao(id_aluno, id_avaliacao, nota_aluno) VALUES
	(1, 1, 9.8),
	(1, 2, 8.0),
	(2, 2, 8.0),
  (2, 3, 7.0),
	(3, 3, 7.0),
  (3, 4, 5.0),
	(4, 4, 7.5),
	(4, 5, 9.0),
	(5, 5, 6.5),
	(5, 6, 6.5),
	(6, 6, 7.5),
	(6, 7, 9.5),
	(7, 7, 8.0),
	(7, 8, 6.0),
	(8, 8, 6.5),
	(8, 9, 7.5),
	(9, 9, 5.0),
  (9, 10, 5.5),
	(10, 10, 4.5),
  (10, 1, 10.0);

INSERT INTO aluno_aula (id_aluno, id_aula) VALUES
	(1, 1),
	(1, 2),
	(2, 2),
	(2, 3),
	(3, 3),
	(3, 4),
	(4, 4),
	(4, 5),
	(5, 5),
	(5, 6),
	(6, 6),
	(6, 7),
	(7, 7),
	(7, 8),
	(8, 8),
	(8, 9),
	(9, 9),
	(9, 10),
	(10, 10),
	(10, 1);

INSERT INTO aluno_material(id_aluno, nome_material, material_id_curso, foi_recebido) VALUES
	(1, 'Apostila de Inglês', 1, True),
	(1, 'Apostila de Espanhol', 2, True),
	(2, 'Apostila de Espanhol', 2, True),
	(2, 'Apostila de Francês', 3, True),
	(3, 'Apostila de Francês', 3, True),
	(3, 'Apostila de Italiano', 4, True),
	(4, 'Apostila de Italiano', 4, True),
	(4, 'Apostila de Mandarim', 5, True),
	(5, 'Apostila de Mandarim', 5, True),
	(5, 'Apostila de Coreano', 6, True),
	(6, 'Apostila de Coreano', 6, True),
	(6, 'Apostila de Alemão', 7, True),
	(7, 'Apostila de Alemão', 7, True),
	(7, 'Apostila de Grego', 8, True),
	(8, 'Apostila de Grego', 8, True),
	(8, 'Apostila de Russo', 9, True),
	(9, 'Apostila de Russo', 9, True),
	(9, 'Apostila de Polonês', 10, True),
	(10, 'Apostila de Polonês', 10, True),
	(10, 'Apostila de Inglês', 1, True);
